mine_id,injured_person_age,injured_person_gender,injured_person_occupation
100851,-1,Unknown,Unknown
100851,51,Male,"Electrician, Lineman"
100851,47,Male,"Roof bolter, Rock bolter, Pinner, Mobile roof support operator (MRS)"
100851,49,Male,"Motorman, Motor person, Swamper, Switchman, Locomotive operator"
100851,34,Male,"Beltman, Conveyor man and belt worker, Mobile bridge carrierman, Feeder operator, Conveyor rider"
100851,20,Male,"Laborer, Bull gang, Parts runner, Roustabout, Roof trimmer/scaler"
100851,49,Male,"Laborer, Bull gang, Parts runner, Roustabout, Roof trimmer/scaler"
100851,33,Male,"Motorman, Motor person, Swamper, Switchman, Locomotive operator"
100851,36,Male,"Examiner, Fire boss, Pre-shift examiner, Mine examiner"
100851,-1,Unknown,Unknown
100851,55,Male,"Miner, NEC"
100851,53,Male,"Scoop car/Scooptram operator, Load/Haul/Dump (LHD) operator, Teletram operator"
100851,29,Male,"Laborer, Bull gang, Parts runner, Roustabout, Roof trimmer/scaler"
100851,34,Male,"Laborer, Bull gang, Parts runner, Roustabout, Roof trimmer/scaler"
100851,33,Male,"Master mechanic, Foreman, Supervisor"
100851,-1,Unknown,Unknown
100851,36,Male,"Laborer, Bull gang, Parts runner, Roustabout, Roof trimmer/scaler"
100851,43,Male,"Laborer, Bull gang, Faceman, Parts runner, Roustabout, Roof trimmer/scaler"
100851,-1,Unknown,Unknown
100851,35,Male,"Belt foreman, Maintenance foreman, Maintenance supervisor"
100851,54,Male,"Maintenance man, Mechanic, Repair/Serviceman, Boilermaker, Fueler, Tire tech, Field service tech"
100851,57,Male,"LW Propman, Propman helper, Move crew if LW, Move-up man, Jacksetter, Advanceman LW helper"
100851,52,Male,"Motorman, Motor person, Swamper, Switchman, Locomotive operator"
100851,-1,Unknown,Unknown
100851,45,Male,"Beltman, Conveyor man and belt worker, Mobile bridge carrierman, Feeder operator, Conveyor rider"
100851,-1,Unknown,Unknown
100851,27,Male,"Laborer, Bull gang, Parts runner, Roustabout, Roof trimmer/scaler"
100851,40,Male,"Electrician, Lineman"
100851,48,Male,"Electrician, Lineman"
100851,-1,Unknown,Unknown
100851,44,Male,"Motorman, Motor person, Swamper, Switchman, Locomotive operator"
100851,28,Male,"Shuttle car operator, Mantrip operator, Ramcar operator, Rail runner, Buggy operator"
100851,48,Male,"Trackman, Track worker, Track gang"
100851,24,Male,"Laborer, Bull gang, Faceman, Parts runner, Roustabout, Roof trimmer/scaler"
100851,25,Male,"Roof bolter, Rock bolter, Pinner, Mobile roof support operator (MRS)"
100851,45,Male,"Laborer, Bull gang, Parts runner, Roustabout, Roof trimmer/scaler"
100851,21,Male,"Longwall operator, Chock operator, Shear operator, Plow operator"
100851,53,Male,"Roof bolter, Rock bolter, Pinner, Mobile roof support operator (MRS)"
100851,38,Male,"Examiner, Fire boss, Pre-shift examiner, Mine examiner"
100851,62,Male,"Electrician, Lineman"
100851,50,Male,"Laborer, Bull gang, Faceman, Parts runner, Roustabout, Roof trimmer/scaler"
100851,-1,Unknown,Unknown
100851,41,Male,"Laborer, Bull gang, Parts runner, Roustabout, Roof trimmer/scaler"
100851,49,Male,"Laborer, Bull gang, Parts runner, Roustabout, Roof trimmer/scaler"
100851,-1,Unknown,Unknown
100851,-1,Unknown,Unknown
100851,50,Male,"Continuous miner operator, Coal mole operator"
100851,30,Male,"Laborer, Bull gang, Parts runner, Roustabout, Roof trimmer/scaler"
100851,58,Male,"Laborer, Bull gang, Parts runner, Roustabout, Roof trimmer/scaler"
100851,-1,Unknown,Unknown
100851,57,Male,"Laborer, Bull gang, Parts runner, Roustabout, Roof trimmer/scaler"
100851,-1,Unknown,Unknown
100851,54,Male,"Roof bolter, Rock bolter, Pinner, Mobile roof support operator (MRS)"
101247,35,Male,"Electrician, Lineman"
101247,56,Male,"Warehouseman, Bagger, Palletizer/Stacker, Storekeeper, Packager, Fabricator, Cleaning plant operator"
101247,27,Male,"Electrician, Lineman"
101247,25,Male,"Continuous miner operator, Coal mole operator"
101247,-1,Unknown,Unknown
101247,45,Male,"Longwall operator, Chock operator, Shear operator, Plow operator"
101247,-1,Unknown,Unknown
101247,48,Male,"Belt foreman, Maintenance foreman, Maintenance supervisor"
101247,25,Male,"Laborer, Bull gang, Parts runner, Roustabout, Roof trimmer/scaler"
101247,41,Male,"Belt foreman, Maintenance foreman, Maintenance supervisor"
101247,41,Male,"Motorman, Motor person, Swamper, Switchman, Locomotive operator"
101247,34,Male,"LW Propman, Propman helper, Move crew if LW, Move-up man, Jacksetter, Advanceman LW helper"
101247,50,Male,"Electrician, Lineman"
101247,54,Male,"Longwall operator, Chock operator, Shear operator, Plow operator"
101247,23,Male,"Maintenance man, Mechanic, Repair/Serviceman, Boilermaker, Fueler, Tire tech, Field service tech"
101247,29,Male,"LW Propman, Propman helper, Move crew if LW, Move-up man, Jacksetter, Advanceman LW helper"
101247,48,Male,"Motorman, Motor person, Swamper, Switchman, Locomotive operator"
101247,-1,Unknown,Unknown
101247,55,Male,"Motorman, Motor person, Swamper, Switchman, Locomotive operator"
101247,49,Male,"Laborer, Bull gang, Parts runner, Roustabout, Roof trimmer/scaler"
101247,34,Male,"Continuous miner operator, Coal mole operator"
101247,35,Male,"Electrician, Lineman"
101247,45,Male,"Motorman, Motor person, Swamper, Switchman, Locomotive operator"
101247,23,Male,"Motorman, Motor person, Swamper, Switchman, Locomotive operator"
101247,-1,Unknown,Unknown
101247,-1,Unknown,Unknown
101247,-1,Unknown,Unknown
101247,33,Male,"Laborer, Bull gang, Parts runner, Roustabout, Roof trimmer/scaler"
101247,33,Male,"Roof bolter, Rock bolter, Pinner, Mobile roof support operator (MRS)"
101247,29,Male,"Maintenance man, Mechanic, Repair/Serviceman, Boilermaker, Fueler, Tire tech, Field service tech"
101401,70,Male,"Master mechanic, Foreman, Supervisor"
101401,30,Male,"LW Propman, Propman helper, Move crew if LW, Move-up man, Jacksetter, Advanceman LW helper"
101401,43,Male,"Longwall operator, Chock operator, Shear operator, Plow operator"
101401,29,Male,"Utility man, Errand boy, Service truck operator"
101401,66,Male,"Laborer, Bull gang, Parts runner, Roustabout, Roof trimmer/scaler"
101401,43,Male,"Electrician, Lineman"
101401,39,Female,"Laborer, Bull gang, Parts runner, Roustabout, Roof trimmer/scaler"
101401,-1,Unknown,Unknown
101401,29,Male,"Roof bolter, Rock bolter, Pinner, Mobile roof support operator (MRS)"
101401,52,Male,"Longwall operator, Chock operator, Shear operator, Plow operator"
101401,46,Male,"Belt foreman, Maintenance foreman, Maintenance supervisor"
101401,-1,Unknown,Unknown
101401,30,Male,"Roof bolter, Rock bolter, Pinner, Mobile roof support operator (MRS)"
101401,29,Male,"Roof bolter, Rock bolter, Pinner, Mobile roof support operator (MRS)"
101401,-1,Unknown,Unknown
101401,39,Male,"Shuttle car operator, Mantrip operator, Ramcar operator, Rail runner, Buggy operator"
101401,51,Male,"Laborer, Bull gang, Parts runner, Roustabout, Roof trimmer/scaler"
101401,33,Male,"Roof bolter, Rock bolter, Pinner, Mobile roof support operator (MRS)"
101401,22,Male,"Maintenance man, Mechanic, Repair/Serviceman, Boilermaker, Fueler, Tire tech, Field service tech"
101401,55,Male,"Motorman, Motor person, Swamper, Switchman, Locomotive operator"
101401,30,Male,"Maintenance man, Mechanic, Repair/Serviceman, Boilermaker, Fueler, Tire tech, Field service tech"
101401,42,Male,"Electrician, Lineman"
101401,28,Male,"Roof bolter, Rock bolter, Pinner, Mobile roof support operator (MRS)"
101401,66,Male,"Bull gang foreman, Labor foreman, Leadman, Section foreman, Shift boss"
101401,43,Male,"Roof bolter, Rock bolter, Pinner, Mobile roof support operator (MRS)"
101401,58,Male,"Electrician, Lineman"
101401,41,Male,"Laborer, Bull gang, Faceman, Parts runner, Roustabout, Roof trimmer/scaler"
101401,70,Male,"Master mechanic, Foreman, Supervisor"
101401,37,Male,"Continuous miner operator, Coal mole operator"
101401,36,Male,"LW Propman, Propman helper, Move crew if LW, Move-up man, Jacksetter, Advanceman LW helper"
101401,23,Male,"LW Propman, Propman helper, Move crew if LW, Move-up man, Jacksetter, Advanceman LW helper"
101401,25,Male,"Maintenance man, Mechanic, Repair/Serviceman, Boilermaker, Fueler, Tire tech, Field service tech"
101401,25,Male,"Laborer, Bull gang, Parts runner, Roustabout, Roof trimmer/scaler"
101401,43,Male,"Longwall operator, Chock operator, Shear operator, Plow operator"
101401,25,Male,"LW Propman, Propman helper, Move crew if LW, Move-up man, Jacksetter, Advanceman LW helper"
101401,25,Male,"Maintenance man, Mechanic, Repair/Serviceman, Boilermaker, Fueler, Tire tech, Field service tech"
101401,44,Male,"Longwall operator, Chock operator, Shear operator, Plow operator"
101401,45,Male,"Laborer, Bull gang, Parts runner, Roustabout, Roof trimmer/scaler"
101401,38,Male,"Roof bolter, Rock bolter, Pinner, Mobile roof support operator (MRS)"
101401,-1,Unknown,Unknown
102901,29,Male,"Apprentice, Trainee"
102901,26,Male,"Utility man, Errand boy, Service truck operator"
102901,28,Male,"Maintenance man, Mechanic, Repair/Serviceman, Boilermaker, Fueler, Tire tech, Field service tech"
102901,25,Male,"Utility man, Errand boy, Service truck operator"
102901,61,Male,Pumper
102901,51,Male,"Longwall operator, Chock operator, Shear operator, Plow operator"
102901,46,Male,"Laborer, Bull gang, Parts runner, Roustabout, Roof trimmer/scaler"
102901,26,Male,"Maintenance man, Mechanic, Repair/Serviceman, Boilermaker, Fueler, Tire tech, Field service tech"
102901,48,Male,"Electrician, Lineman"
102901,51,Male,"Longwall operator, Chock operator, Shear operator, Plow operator"
102901,31,Male,"Roof bolter, Rock bolter, Pinner, Mobile roof support operator (MRS)"
102901,28,Male,"Utility man, Errand boy, Service truck operator"
102901,60,Male,"Utility man, Errand boy, Service truck operator"
102901,49,Male,"Maintenance man, Mechanic, Repair/Serviceman, Boilermaker, Fueler, Tire tech, Field service tech"
102901,26,Male,"Maintenance man, Mechanic, Repair/Serviceman, Boilermaker, Fueler, Tire tech, Field service tech"
102901,34,Male,"Maintenance man, Mechanic, Repair/Serviceman, Boilermaker, Fueler, Tire tech, Field service tech"
102901,43,Male,"Electrician, Lineman"
102901,38,Male,"Laborer, Bull gang, Parts runner, Roustabout, Roof trimmer/scaler"
102901,52,Male,"Continuous miner helper, Coal mole helper, Bridgeman"
102901,28,Male,"Belt foreman, Maintenance foreman, Maintenance supervisor"
102901,25,Male,"Maintenance man, Mechanic, Repair/Serviceman, Boilermaker, Fueler, Tire tech, Field service tech"
102901,32,Male,"Longwall operator, Chock operator, Shear operator, Plow operator"
102901,-1,Unknown,Unknown
102901,45,Male,"Maintenance man, Mechanic, Repair/Serviceman, Boilermaker, Fueler, Tire tech, Field service tech"
102901,28,Male,"Utility man, Errand boy, Service truck operator"
102901,43,Male,"Utility man, Errand boy, Service truck operator"
102901,-1,Unknown,Unknown
102901,42,Male,"Maintenance man, Mechanic, Repair/Serviceman, Boilermaker, Fueler, Tire tech, Field service tech"
102901,-1,Unknown,Unknown
102901,-1,Unknown,Unknown
102901,40,Male,"Utility man, Errand boy, Service truck operator"
102901,60,Male,"Bull gang foreman, Labor foreman, Leadman, Section foreman, Shift boss"
102901,-1,Unknown,Unknown
200024,62,Male,"Miner, Prospector, NEC"
200024,34,Female,"Haul/Off road/Coal/Ore/Pit/Quarry/Rock/Rubber tire truck driver, Transportation truck driver"
200024,28,Male,"Maintenance man, Mechanic, Repair/Serviceman, Boilermaker, Fueler, Tire tech, Field service tech"
200024,34,Male,Leaching operator
200024,20,Male,"Haul/Off road/Coal/Ore/Pit/Quarry/Rock/Rubber tire truck driver, Transportation truck driver"
200024,47,Female,"Haul/Off road/Coal/Ore/Pit/Quarry/Rock/Rubber tire truck driver, Transportation truck driver"
200024,36,Male,"Miner, Prospector, NEC"
200024,43,Female,"Haul/Off road/Coal/Ore/Pit/Quarry/Rock/Rubber tire truck driver, Transportation truck driver"
200024,30,Male,"Haul/Off road/Coal/Ore/Pit/Quarry/Rock/Rubber tire truck driver, Transportation truck driver"
200024,58,Female,"Warehouse, Supply handler"
200024,42,Male,"Electrician, Lineman"
200024,52,Male,"Haul/Off road/Coal/Ore/Pit/Quarry/Rock/Rubber tire truck driver, Transportation truck driver"
200024,21,Male,"Warehouseman, Bagger, Palletizer/Stacker, Storekeeper, Packager, Fabricator, Cleaning plant operator"
200024,32,Male,"Maintenance man, Mechanic, Repair/Serviceman, Boilermaker, Fueler, Tire tech, Field service tech"
200024,41,Male,"Greaser, Grease man, Oiler, Lube man, Dragline oiler"
200024,23,Female,"Haul/Off road/Coal/Ore/Pit/Quarry/Rock/Rubber tire truck driver, Transportation truck driver"
200024,43,Male,"Maintenance man, Mechanic, Repair/Serviceman, Boilermaker, Fueler, Tire tech, Field service tech"
200024,61,Female,"Haul/Off road/Coal/Ore/Pit/Quarry/Rock/Rubber tire truck driver, Transportation truck driver"
200024,58,Female,"Blaster, Shooter, Shotfirer, Explosive worker, Powder gang/monkey"
200024,40,Male,"Haul/Off road/Coal/Ore/Pit/Quarry/Rock/Rubber tire truck driver, Transportation truck driver"
200024,59,Male,"Crane operator, Mobile equipment operator (MEO), Dragline operator, Dropball operator, Rigger"
200024,24,Male,"Maintenance man, Mechanic, Repair/Serviceman, Boilermaker, Fueler, Tire tech, Field service tech"
200024,30,Female,"Laborer, Blacksmith, Bull gang, Parts runner, Roustabout, Pick-up man, Pitman"
200024,30,Male,"Bulldozer operator, Universal operator, Heavy equipment operator, Operating engineer"
200024,30,Female,"Haul/Off road/Coal/Ore/Pit/Quarry/Rock/Rubber tire truck driver, Transportation truck driver"
200024,23,Male,"Maintenance man, Mechanic, Repair/Serviceman, Boilermaker, Fueler, Tire tech, Field service tech"
200024,31,Male,Leaching operator
200024,37,Female,"Haul/Off road/Coal/Ore/Pit/Quarry/Rock/Rubber tire truck driver, Transportation truck driver"
200024,33,Female,"Laborer, Blacksmith, Bull gang, Parts runner, Roustabout, Pick-up man, Pitman"
200024,39,Male,"Maintenance man, Mechanic, Repair/Serviceman, Boilermaker, Fueler, Tire tech, Field service tech"
200024,35,Male,"Maintenance man, Mechanic, Repair/Serviceman, Boilermaker, Fueler, Tire tech, Field service tech"
200024,61,Male,"Haul/Off road/Coal/Ore/Pit/Quarry/Rock/Rubber tire truck driver, Transportation truck driver"
200024,19,Male,"Laborer, Blacksmith, Bull gang, Parts runner, Roustabout, Pick-up man, Pitman"
200024,37,Female,"Warehouseman, Bagger, Palletizer/Stacker, Storekeeper, Packager, Fabricator, Cleaning plant operator"
200024,26,Female,"Haul/Off road/Coal/Ore/Pit/Quarry/Rock/Rubber tire truck driver, Transportation truck driver"
200024,36,Male,"Bulldozer operator, Universal operator, Heavy equipment operator, Operating engineer"
200024,47,Male,"Maintenance man, Mechanic, Repair/Serviceman, Boilermaker, Fueler, Tire tech, Field service tech"
200024,50,Female,"Security guard, Watchman"
200024,31,Female,"Miner, Prospector, NEC"
200024,19,Female,"Miner, Prospector, NEC"
200024,57,Male,"Maintenance man, Mechanic, Repair/Serviceman, Boilermaker, Fueler, Tire tech, Field service tech"
200024,31,Male,"Electrician, Lineman"
200024,32,Male,"Laborer, Blacksmith, Bull gang, Parts runner, Roustabout, Pick-up man, Pitman"
200024,21,Male,"Laborer, Blacksmith, Bull gang, Parts runner, Roustabout, Pick-up man, Pitman"
200024,31,Male,"Bulldozer operator, Universal operator, Heavy equipment operator, Operating engineer"
200024,23,Female,"Warehouseman, Bagger, Palletizer/Stacker, Storekeeper, Packager, Fabricator, Cleaning plant operator"
200024,31,Female,"Security guard, Watchman"
200024,37,Female,Leaching operator
200024,23,Female,"Miner, Prospector, NEC"
200024,45,Female,Leaching operator
200024,64,Male,"Ball/Rod/Pebble/Hand/Limestone/Dry mill operator, Roller operator"
200024,23,Female,"Warehouseman, Bagger, Palletizer/Stacker, Storekeeper, Packager, Fabricator, Cleaning plant operator"
200024,24,Male,Leaching operator
200024,47,Female,"Haul/Off road/Coal/Ore/Pit/Quarry/Rock/Rubber tire truck driver, Transportation truck driver"
200024,62,Female,"Haul/Off road/Coal/Ore/Pit/Quarry/Rock/Rubber tire truck driver, Transportation truck driver"
200024,49,Female,"Haul/Off road/Coal/Ore/Pit/Quarry/Rock/Rubber tire truck driver, Transportation truck driver"
200024,49,Female,"Miner, Prospector, NEC"
200024,47,Male,Leaching operator
200024,40,Male,"Maintenance man, Mechanic, Repair/Serviceman, Boilermaker, Fueler, Tire tech, Field service tech"
200024,33,Female,"Haul/Off road/Coal/Ore/Pit/Quarry/Rock/Rubber tire truck driver, Transportation truck driver"
200024,38,Male,"Maintenance man, Mechanic, Repair/Serviceman, Boilermaker, Fueler, Tire tech, Field service tech"
200024,55,Male,"Haul/Off road/Coal/Ore/Pit/Quarry/Rock/Rubber tire truck driver, Transportation truck driver"
200024,21,Male,"Haul/Off road/Coal/Ore/Pit/Quarry/Rock/Rubber tire truck driver, Transportation truck driver"
200024,30,Male,"Electrician, Lineman"
200024,38,Male,"Haul/Off road/Coal/Ore/Pit/Quarry/Rock/Rubber tire truck driver, Transportation truck driver"
200024,24,Female,"Barge/Boat/Dredge/Towbarge/Towboat/Leach operator, Riverman, Deck hand"
200024,42,Female,Leaching operator
200024,31,Male,"Laborer, Blacksmith, Bull gang, Parts runner, Roustabout, Pick-up man, Pitman"
200024,25,Male,"Miner, Prospector, NEC"
200024,27,Male,Leaching operator
200024,68,Male,"Haul/Off road/Coal/Ore/Pit/Quarry/Rock/Rubber tire truck driver, Transportation truck driver"
200024,30,Male,"Miner, Prospector, NEC"
200024,25,Male,"Warehouseman, Bagger, Palletizer/Stacker, Storekeeper, Packager, Fabricator, Cleaning plant operator"
200024,37,Female,"Haul/Off road/Coal/Ore/Pit/Quarry/Rock/Rubber tire truck driver, Transportation truck driver"
200024,28,Male,"Miner, Prospector, NEC"
200024,24,Male,"Haul/Off road/Coal/Ore/Pit/Quarry/Rock/Rubber tire truck driver, Transportation truck driver"
200024,56,Male,Carpenter
200024,25,Male,"Haul/Off road/Coal/Ore/Pit/Quarry/Rock/Rubber tire truck driver, Transportation truck driver"
200024,25,Female,"Maintenance man, Mechanic, Repair/Serviceman, Boilermaker, Fueler, Tire tech, Field service tech"
200024,28,Male,"Maintenance man, Mechanic, Repair/Serviceman, Boilermaker, Fueler, Tire tech, Field service tech"
200024,31,Male,"Maintenance man, Mechanic, Repair/Serviceman, Boilermaker, Fueler, Tire tech, Field service tech"
200024,47,Female,"Haul/Off road/Coal/Ore/Pit/Quarry/Rock/Rubber tire truck driver, Transportation truck driver"
200024,34,Female,"Bulldozer operator, Universal operator, Heavy equipment operator, Operating engineer"
200024,48,Female,"Security guard, Watchman"
200024,44,Male,"Maintenance man, Mechanic, Repair/Serviceman, Boilermaker, Fueler, Tire tech, Field service tech"
200024,58,Male,"Maintenance man, Mechanic, Repair/Serviceman, Boilermaker, Fueler, Tire tech, Field service tech"
200024,32,Male,"Warehouseman, Bagger, Palletizer/Stacker, Storekeeper, Packager, Fabricator, Cleaning plant operator"
200024,52,Male,"Warehouseman, Bagger, Palletizer/Stacker, Storekeeper, Packager, Fabricator, Cleaning plant operator"
200024,58,Male,"Maintenance man, Mechanic, Repair/Serviceman, Boilermaker, Fueler, Tire tech, Field service tech"
200024,38,Female,"Haul/Off road/Coal/Ore/Pit/Quarry/Rock/Rubber tire truck driver, Transportation truck driver"
200024,59,Male,"Maintenance man, Mechanic, Repair/Serviceman, Boilermaker, Fueler, Tire tech, Field service tech"
200024,36,Female,"Warehouseman, Bagger, Palletizer/Stacker, Storekeeper, Packager, Fabricator, Cleaning plant operator"
200024,22,Male,"Laborer, Blacksmith, Bull gang, Parts runner, Roustabout, Pick-up man, Pitman"
200024,40,Male,Unknown
200024,53,Male,"Electrician, Lineman"
200024,25,Male,Drill helper
200024,46,Female,"Haul/Off road/Coal/Ore/Pit/Quarry/Rock/Rubber tire truck driver, Transportation truck driver"
200024,51,Male,"Maintenance man, Mechanic, Repair/Serviceman, Boilermaker, Fueler, Tire tech, Field service tech"
200024,28,Male,"Maintenance man, Mechanic, Repair/Serviceman, Boilermaker, Fueler, Tire tech, Field service tech"
200024,37,Male,"Electrician, Lineman"
200024,35,Male,"Warehouseman, Bagger, Palletizer/Stacker, Storekeeper, Packager, Fabricator, Cleaning plant operator"
200024,27,Female,"Laborer, Blacksmith, Bull gang, Parts runner, Roustabout, Pick-up man, Pitman"
200024,57,Male,"Haul/Off road/Coal/Ore/Pit/Quarry/Rock/Rubber tire truck driver, Transportation truck driver"
200024,56,Male,"Maintenance man, Mechanic, Repair/Serviceman, Boilermaker, Fueler, Tire tech, Field service tech"
200024,26,Male,"Maintenance man, Mechanic, Repair/Serviceman, Boilermaker, Fueler, Tire tech, Field service tech"
200024,35,Male,"Haul/Off road/Coal/Ore/Pit/Quarry/Rock/Rubber tire truck driver, Transportation truck driver"
200024,21,Female,Leaching operator
200024,65,Male,"Maintenance man, Mechanic, Repair/Serviceman, Boilermaker, Fueler, Tire tech, Field service tech"
200024,36,Male,"Laborer, Blacksmith, Bull gang, Parts runner, Roustabout, Pick-up man, Pitman"
200024,-1,Unknown,Unknown
200024,19,Male,"Maintenance man, Mechanic, Repair/Serviceman, Boilermaker, Fueler, Tire tech, Field service tech"
200024,27,Female,Mechanic helper
200024,46,Female,"Haul/Off road/Coal/Ore/Pit/Quarry/Rock/Rubber tire truck driver, Transportation truck driver"
200024,55,Female,"Laborer, Blacksmith, Bull gang, Parts runner, Roustabout, Pick-up man, Pitman"
200024,39,Female,"Miner, Prospector, NEC"
200024,34,Female,"Haul/Off road/Coal/Ore/Pit/Quarry/Rock/Rubber tire truck driver, Transportation truck driver"
200024,30,Male,"Maintenance man, Mechanic, Repair/Serviceman, Boilermaker, Fueler, Tire tech, Field service tech"
200024,36,Female,"Haul/Off road/Coal/Ore/Pit/Quarry/Rock/Rubber tire truck driver, Transportation truck driver"
200024,32,Female,"Laborer, Blacksmith, Bull gang, Parts runner, Roustabout, Pick-up man, Pitman"
200024,53,Female,"Haul/Off road/Coal/Ore/Pit/Quarry/Rock/Rubber tire truck driver, Transportation truck driver"
200024,47,Male,Mechanic helper
200137,36,Male,"Maintenance man, Mechanic, Repair/Serviceman, Boilermaker, Fueler, Tire tech, Field service tech"
200137,28,Female,"Laborer, Blacksmith, Bull gang, Parts runner, Roustabout, Pick-up man, Pitman"
200137,40,Male,"Maintenance man, Mechanic, Repair/Serviceman, Boilermaker, Fueler, Tire tech, Field service tech"
200137,21,Male,"Hammer mill operator, Breaker mill operator, Jaw mill operator"
200137,74,Male,"Maintenance man, Mechanic, Repair/Serviceman, Boilermaker, Fueler, Tire tech, Field service tech"
200137,57,Female,"Haul/Off road/Coal/Ore/Pit/Quarry/Rock/Rubber tire truck driver, Transportation truck driver"
200137,24,Male,"Assayer, Geologist, Metallurgist, Engineer, Engineer management"
200137,25,Male,"Maintenance man, Mechanic, Repair/Serviceman, Boilermaker, Fueler, Tire tech, Field service tech"
200137,61,Male,Hydrate plant operator
200137,40,Male,Drill operator
200137,57,Male,"Bulldozer operator, Universal operator, Heavy equipment operator, Operating engineer"
200137,56,Male,"Ball/Rod/Pebble/Hand/Limestone/Dry mill operator, Roller operator"
200137,30,Male,"Maintenance man, Mechanic, Repair/Serviceman, Boilermaker, Fueler, Tire tech, Field service tech"
200137,52,Male,"Grader operator, Roadgrader operator"
200137,55,Female,"Security guard, Watchman"
200137,63,Female,"Security guard, Watchman"
200137,31,Male,"Laborer, Blacksmith, Bull gang, Parts runner, Roustabout, Pick-up man, Pitman"
200137,33,Male,"Bulldozer operator, Universal operator, Heavy equipment operator, Operating engineer"
200137,29,Male,"Bulldozer operator, Universal operator, Heavy equipment operator, Operating engineer"
200137,35,Female,"Bulldozer operator, Universal operator, Heavy equipment operator, Operating engineer"
200137,42,Male,"Maintenance man, Mechanic, Repair/Serviceman, Boilermaker, Fueler, Tire tech, Field service tech"
200137,56,Female,"Quality control technician, Laboratory technician, Laboratory assistant"
200137,56,Male,"Maintenance man, Mechanic, Repair/Serviceman, Boilermaker, Fueler, Tire tech, Field service tech"
200137,62,Female,"Haul/Off road/Coal/Ore/Pit/Quarry/Rock/Rubber tire truck driver, Transportation truck driver"
200137,32,Male,"Maintenance man, Mechanic, Repair/Serviceman, Boilermaker, Fueler, Tire tech, Field service tech"
200137,35,Female,"Haul/Off road/Coal/Ore/Pit/Quarry/Rock/Rubber tire truck driver, Transportation truck driver"
200137,57,Male,"Maintenance man, Mechanic, Repair/Serviceman, Boilermaker, Fueler, Tire tech, Field service tech"
200137,42,Female,"Haul/Off road/Coal/Ore/Pit/Quarry/Rock/Rubber tire truck driver, Transportation truck driver"
200137,55,Male,Drill operator
200137,64,Female,"Security guard, Watchman"
200137,23,Male,"Haul/Off road/Coal/Ore/Pit/Quarry/Rock/Rubber tire truck driver, Transportation truck driver"
200137,24,Male,"Warehouseman, Bagger, Palletizer/Stacker, Storekeeper, Packager, Fabricator, Cleaning plant operator"
200137,46,Male,"Maintenance man, Mechanic, Repair/Serviceman, Boilermaker, Fueler, Tire tech, Field service tech"
200137,41,Male,"Belt foreman, Maintenance foreman, Maintenance supervisor"
200137,29,Female,"Ball/Rod/Pebble/Hand/Limestone/Dry mill operator, Roller operator"
200137,27,Male,"Haul/Off road/Coal/Ore/Pit/Quarry/Rock/Rubber tire truck driver, Transportation truck driver"
200137,57,Female,"Haul/Off road/Coal/Ore/Pit/Quarry/Rock/Rubber tire truck driver, Transportation truck driver"
200137,20,Female,"Bulldozer operator, Universal operator, Heavy equipment operator, Operating engineer"
200144,30,Male,"Warehouseman, Bagger, Palletizer/Stacker, Storekeeper, Packager, Fabricator, Cleaning plant operator"
200144,51,Male,"Wireman, Communications man"
200144,64,Male,"Haul/Off road/Coal/Ore/Pit/Quarry/Rock/Rubber tire truck driver, Transportation truck driver"
200144,57,Male,"Haul/Off road/Coal/Ore/Pit/Quarry/Rock/Rubber tire truck driver, Transportation truck driver"
200144,63,Male,"Maintenance man, Mechanic, Repair/Serviceman, Boilermaker, Fueler, Tire tech, Field service tech"
200144,59,Male,Drill operator
200144,52,Male,"Warehouseman, Bagger, Palletizer/Stacker, Storekeeper, Packager, Fabricator, Cleaning plant operator"
200144,21,Male,"Laborer, Blacksmith, Bull gang, Parts runner, Roustabout, Pick-up man, Pitman"
200144,24,Female,"Assayer, Geologist, Metallurgist, Engineer, Engineer management"
200144,52,Male,"Warehouseman, Bagger, Palletizer/Stacker, Storekeeper, Packager, Fabricator, Cleaning plant operator"
200144,21,Male,"Haul/Off road/Coal/Ore/Pit/Quarry/Rock/Rubber tire truck driver, Transportation truck driver"
200144,39,Female,"Warehouseman, Bagger, Palletizer/Stacker, Storekeeper, Packager, Fabricator, Cleaning plant operator"
200144,34,Male,"Maintenance man, Mechanic, Repair/Serviceman, Boilermaker, Fueler, Tire tech, Field service tech"
200144,34,Male,"Maintenance man, Mechanic, Repair/Serviceman, Boilermaker, Fueler, Tire tech, Field service tech"
200144,24,Male,"Warehouseman, Bagger, Palletizer/Stacker, Storekeeper, Packager, Fabricator, Cleaning plant operator"
200144,37,Male,"Warehouseman, Bagger, Palletizer/Stacker, Storekeeper, Packager, Fabricator, Cleaning plant operator"
200144,48,Male,"Steel worker, Iron metal worker, Iron worker"
200144,51,Male,Mechanic helper
200144,-1,Unknown,Unknown
200144,19,Male,"Crusher attendant/operator, Pan feeder operator/worker"
200144,21,Female,"Crusher attendant/operator, Pan feeder operator/worker"
200144,30,Male,"Maintenance man, Mechanic, Repair/Serviceman, Boilermaker, Fueler, Tire tech, Field service tech"
200144,39,Male,"Haul/Off road/Coal/Ore/Pit/Quarry/Rock/Rubber tire truck driver, Transportation truck driver"
200144,37,Male,"Maintenance man, Mechanic, Repair/Serviceman, Boilermaker, Fueler, Tire tech, Field service tech"
200144,37,Male,"Maintenance man, Mechanic, Repair/Serviceman, Boilermaker, Fueler, Tire tech, Field service tech"
200144,23,Male,"Crusher attendant/operator, Pan feeder operator/worker"
200144,41,Male,"Warehouseman, Bagger, Palletizer/Stacker, Storekeeper, Packager, Fabricator, Cleaning plant operator"
200144,65,Female,"Bulldozer operator, Universal operator, Heavy equipment operator, Operating engineer"
200144,42,Male,"Laborer, Blacksmith, Bull gang, Parts runner, Roustabout, Pick-up man, Pitman"
200144,19,Male,"Laborer, Blacksmith, Bull gang, Parts runner, Roustabout, Pick-up man, Pitman"
200144,52,Male,"Prep plant foreman, Supervisor, Mill plant supervisor, Kiln supervisor"
200144,23,Male,"Maintenance man, Mechanic, Repair/Serviceman, Boilermaker, Fueler, Tire tech, Field service tech"
203131,27,Male,"Laborer, Blacksmith, Bull gang, Parts runner, Roustabout, Pick-up man, Pitman"
203131,32,Male,Drill operator
203131,58,Male,"Electrician, Lineman"
203131,29,Male,"Bulldozer operator, Universal operator, Heavy equipment operator, Operating engineer"
203131,37,Male,"Maintenance man, Mechanic, Repair/Serviceman, Boilermaker, Fueler, Tire tech, Field service tech"
203131,23,Male,"Haul/Off road/Coal/Ore/Pit/Quarry/Rock/Rubber tire truck driver, Transportation truck driver"
203131,34,Male,"Haul/Off road/Coal/Ore/Pit/Quarry/Rock/Rubber tire truck driver, Transportation truck driver"
203131,47,Male,"Electrician, Lineman"
203131,29,Male,"Haul/Off road/Coal/Ore/Pit/Quarry/Rock/Rubber tire truck driver, Transportation truck driver"
203131,62,Male,"Clerk, Timekeeper, Office worker, Director of sales"
203131,43,Male,"Crusher attendant/operator, Pan feeder operator/worker"
203131,34,Male,"Maintenance man, Mechanic, Repair/Serviceman, Boilermaker, Fueler, Tire tech, Field service tech"
203131,42,Male,"Maintenance man, Mechanic, Repair/Serviceman, Boilermaker, Fueler, Tire tech, Field service tech"
203131,55,Male,Leaching operator
203131,60,Male,Water truck operator
203131,58,Male,Water truck operator
203131,30,Female,"Haul/Off road/Coal/Ore/Pit/Quarry/Rock/Rubber tire truck driver, Transportation truck driver"
203131,39,Male,"Maintenance man, Mechanic, Repair/Serviceman, Boilermaker, Fueler, Tire tech, Field service tech"
203131,33,Male,"Bulldozer operator, Universal operator, Heavy equipment operator, Operating engineer"
203131,24,Male,"Haul/Off road/Coal/Ore/Pit/Quarry/Rock/Rubber tire truck driver, Transportation truck driver"
203131,43,Male,"Grader operator, Roadgrader operator"
203131,58,Male,"Bulldozer operator, Universal operator, Heavy equipment operator, Operating engineer"
203131,35,Female,Drill operator
203131,26,Male,"Barge/Boat/Dredge/Towbarge/Towboat/Leach operator, Riverman, Deck hand"
203131,19,Female,"Laborer, Blacksmith, Bull gang, Parts runner, Roustabout, Pick-up man, Pitman"
203131,49,Male,"Maintenance man, Mechanic, Repair/Serviceman, Boilermaker, Fueler, Tire tech, Field service tech"
203131,62,Male,Leaching operator
203131,26,Male,"Laborer, Blacksmith, Bull gang, Parts runner, Roustabout, Pick-up man, Pitman"
1103147,38,Male,"Laborer, Bull gang, Parts runner, Roustabout, Roof trimmer/scaler"
1103147,-1,Unknown,Unknown
1103147,30,Male,"Maintenance man, Mechanic, Repair/Serviceman, Boilermaker, Fueler, Tire tech, Field service tech"
1103147,34,Male,"Maintenance man, Mechanic, Repair/Serviceman, Boilermaker, Fueler, Tire tech, Field service tech"
1103147,41,Male,"Scoop car/Scooptram operator, Load/Haul/Dump (LHD) operator, Teletram operator"
1103147,44,Male,"Roof bolter, Rock bolter, Pinner, Mobile roof support operator (MRS)"
1103147,40,Male,"Scoop car/Scooptram operator, Load/Haul/Dump (LHD) operator, Teletram operator"
1103147,59,Male,"Examiner, Fire boss, Pre-shift examiner, Mine examiner"
1103147,41,Male,"Roof bolter, Rock bolter, Pinner, Mobile roof support operator (MRS)"
1103147,42,Male,"Continuous miner operator, Coal mole operator"
1103147,47,Male,"Scoop tram operator, Load/Haul/Dump operator"
1103147,60,Male,"Laborer, Bull gang, Parts runner, Roustabout, Roof trimmer/scaler"
1103147,53,Male,Coal dump operator
1103147,56,Male,"Laborer, Bull gang, Parts runner, Roustabout, Roof trimmer/scaler"
1103147,44,Male,"Laborer, Bull gang, Parts runner, Roustabout, Roof trimmer/scaler"
1103147,-1,Unknown,Unknown
1103147,37,Male,"Laborer, Bull gang, Parts runner, Roustabout, Roof trimmer/scaler"
1103147,44,Male,"Continuous miner operator, Coal mole operator"
1103147,35,Male,"Maintenance man, Mechanic, Repair/Serviceman, Boilermaker, Fueler, Tire tech, Field service tech"
1103147,38,Male,"Scoop car/Scooptram operator, Load/Haul/Dump (LHD) operator, Teletram operator"
1103147,-1,Unknown,Unknown
1103147,49,Male,"Laborer, Bull gang, Parts runner, Roustabout, Roof trimmer/scaler"
1103147,47,Male,"Laborer, Bull gang, Parts runner, Roustabout, Roof trimmer/scaler"
1103147,45,Male,"Scoop car/Scooptram operator, Load/Haul/Dump (LHD) operator, Teletram operator"
1103147,31,Male,"Roof bolter, Rock bolter, Pinner, Mobile roof support operator (MRS)"
1103147,31,Male,"Maintenance man, Mechanic, Repair/Serviceman, Boilermaker, Fueler, Tire tech, Field service tech"
1103147,47,Male,"Examiner, Fire boss, Pre-shift examiner, Mine examiner"
1519374,36,Male,"Roof bolter, Rock bolter, Pinner, Mobile roof support operator (MRS)"
1519374,30,Male,"Roof bolter, Rock bolter, Pinner, Mobile roof support operator (MRS)"
1519374,24,Male,"Shuttle car operator, Mantrip operator, Ramcar operator, Rail runner, Buggy operator"
1519374,34,Male,"Maintenance man, Mechanic, Repair/Serviceman, Boilermaker, Fueler, Tire tech, Field service tech"
1519374,21,Male,"Laborer, Bull gang, Parts runner, Roustabout, Roof trimmer/scaler"
1519374,33,Male,"Shuttle car operator, Mantrip operator, Ramcar operator, Rail runner, Buggy operator"
1519374,49,Male,"Laborer, Bull gang, Parts runner, Roustabout, Roof trimmer/scaler"
1519374,20,Male,"Roof bolter, Rock bolter, Pinner, Mobile roof support operator (MRS)"
1519374,20,Male,"Roof bolter, Rock bolter, Pinner, Mobile roof support operator (MRS)"
1519374,50,Male,"Miner, NEC"
1519374,49,Male,"Maintenance man, Mechanic, Repair/Serviceman, Boilermaker, Fueler, Tire tech, Field service tech"
1519374,41,Male,"Beltman, Conveyor man and belt worker, Mobile bridge carrierman, Feeder operator, Conveyor rider"
1519374,27,Male,"Continuous miner operator, Coal mole operator"
1519374,33,Male,"Maintenance man, Mechanic, Repair/Serviceman, Boilermaker, Fueler, Tire tech, Field service tech"
1519374,57,Male,"Bull gang foreman, Labor foreman, Leadman, Section foreman, Shift boss"
1519374,30,Male,"Roof bolter, Rock bolter, Pinner, Mobile roof support operator (MRS)"
1519374,50,Male,"Laborer, Bull gang, Parts runner, Roustabout, Roof trimmer/scaler"
1519374,52,Male,"Maintenance man, Mechanic, Repair/Serviceman, Boilermaker, Fueler, Tire tech, Field service tech"
1519374,30,Male,"Continuous miner helper, Coal mole helper, Bridgeman"
1519374,45,Male,Brattice man/worker
1519374,40,Male,"Maintenance man, Mechanic, Repair/Serviceman, Boilermaker, Fueler, Tire tech, Field service tech"
1519374,52,Male,"Maintenance man, Mechanic, Repair/Serviceman, Boilermaker, Fueler, Tire tech, Field service tech"
1519374,33,Male,"Roof bolter, Rock bolter, Pinner, Mobile roof support operator (MRS)"
1519374,43,Male,"Brakeman, Roperider, Car runner, Spotterman, Snapper, Trip rider, Car rider, Flagman"
1519374,54,Male,"Shuttle car operator, Mantrip operator, Ramcar operator, Rail runner, Buggy operator"
1519374,35,Male,"Maintenance man, Mechanic, Repair/Serviceman, Boilermaker, Fueler, Tire tech, Field service tech"
1519374,42,Male,"Shuttle car operator, Mantrip operator, Ramcar operator, Rail runner, Buggy operator"
1519374,41,Male,"Laborer, Bull gang, Parts runner, Roustabout, Roof trimmer/scaler"
1519374,45,Male,"Scoop tram operator, Load/Haul/Dump operator"
1519374,59,Male,"Laborer, Blacksmith, Bull gang, Parts runner, Roustabout, Pick-up man, Pitman"
1519374,23,Male,"Laborer, Bull gang, Parts runner, Roustabout, Roof trimmer/scaler"
1519374,51,Male,"Maintenance man, Mechanic, Repair/Serviceman, Boilermaker, Fueler, Tire tech, Field service tech"
1519374,55,Male,"Shuttle car operator, Mantrip operator, Ramcar operator, Rail runner, Buggy operator"
1519374,42,Male,"Maintenance man, Mechanic, Repair/Serviceman, Boilermaker, Fueler, Tire tech, Field service tech"
2300542,61,Male,"Utility man, Shift tech, Service/Dump truck operator"
2300542,-1,Unknown,Unknown
2300542,50,Male,"Master mechanic, Foreman, Supervisor"
2300542,56,Male,"Scoop tram operator, Load/Haul/Dump operator"
2300542,61,Male,"Warehouseman, Bagger, Palletizer/Stacker, Storekeeper, Packager, Fabricator, Cleaning plant operator"
2300542,27,Male,"Maintenance man, Mechanic, Repair/Serviceman, Boilermaker, Fueler, Tire tech, Field service tech"
2300542,61,Male,"Mine manager, Mine foreman, Mine owner"
2300542,58,Male,"Maintenance man, Mechanic, Repair/Serviceman, Boilermaker, Fueler, Tire tech, Field service tech"
2300542,45,Female,"Dryer operator, Kiln operator, Dry plant operator, Fluid operator, Bed dryer operator"
2300542,59,Male,"Maintenance man, Mechanic, Repair/Serviceman, Boilermaker, Fueler, Tire tech, Field service tech"
2300542,47,Male,"Laborer, Blacksmith, Bull gang, Parts runner, Roustabout, Pick-up man, Pitman"
2300542,34,Female,"Assayer, Geologist, Metallurgist, Engineer, Engineer management"
2300542,29,Male,"Maintenance man, Mechanic, Repair/Serviceman, Boilermaker, Fueler, Tire tech, Field service tech"
2300542,32,Male,"Maintenance man, Mechanic, Repair/Serviceman, Boilermaker, Fueler, Tire tech, Field service tech"
2300542,51,Male,"Maintenance man, Mechanic, Repair/Serviceman, Boilermaker, Fueler, Tire tech, Field service tech"
2300542,58,Male,"Maintenance man, Mechanic, Repair/Serviceman, Boilermaker, Fueler, Tire tech, Field service tech"
2300542,55,Male,"Maintenance man, Mechanic, Repair/Serviceman, Boilermaker, Fueler, Tire tech, Field service tech"
2300542,38,Male,"Prep plant foreman, Supervisor, Mill plant supervisor, Kiln supervisor"
2300542,32,Male,"Maintenance man, Mechanic, Repair/Serviceman, Boilermaker, Fueler, Tire tech, Field service tech"
2300542,27,Male,"Miner, NEC"
2300542,62,Male,"Scoop tram operator, Load/Haul/Dump operator"
2300542,29,Male,"Maintenance man, Mechanic, Repair/Serviceman, Boilermaker, Fueler, Tire tech, Field service tech"
2300542,44,Male,"Maintenance man, Mechanic, Repair/Serviceman, Boilermaker, Fueler, Tire tech, Field service tech"
2300542,42,Male,"Car trimmer, Car loader, Bin puller, Truck loader"
2300542,35,Male,"Cleanup man, Cleanup worker"
2300542,59,Male,"Maintenance man, Mechanic, Repair/Serviceman, Boilermaker, Fueler, Tire tech, Field service tech"
2300542,49,Male,Hydrate plant operator
2300542,29,Male,"Warehouseman, Bagger, Palletizer/Stacker, Storekeeper, Packager, Fabricator, Cleaning plant operator"
2401490,49,Male,"Bulldozer operator, Universal operator, Heavy equipment operator, Operating engineer"
2401490,26,Male,"Miner, NEC"
2401490,39,Male,Superintendent
2401490,33,Male,"Miner, NEC"
2401490,44,Male,"Continuous miner operator, Coal mole operator"
2401490,52,Male,"Miner, NEC"
2401490,39,Male,"Miner, Prospector, NEC"
2401490,-1,Unknown,Unknown
2401490,-1,Unknown,Unknown
2401490,39,Male,"Bulldozer operator, Universal operator, Heavy equipment operator, Operating engineer"
2401490,35,Male,"Miner, NEC"
2401490,64,Male,"Miner, NEC"
2401490,36,Male,"Miner, NEC"
2401490,-1,Unknown,Unknown
2401490,46,Male,"Miner, Prospector, NEC"
2401490,33,Male,"Miner, NEC"
2401490,41,Male,"Miner, NEC"
2401490,-1,Unknown,Unknown
2401490,39,Male,"Laborer, Bull gang, Faceman, Parts runner, Roustabout, Roof trimmer/scaler"
2401490,39,Male,"Bulldozer operator, Universal operator, Heavy equipment operator, Operating engineer"
2401490,41,Male,"Electrician, Lineman"
2401490,26,Male,"Miner, NEC"
2401490,39,Male,"Miner, NEC"
2401490,22,Male,"Miner, NEC"
2401490,29,Male,"Diamond drill operator, Core driller, Exploration driller, Longhole driller, Prospect driller"
2401490,31,Male,"Miner, NEC"
2401490,63,Male,"Miner, NEC"
2401490,44,Male,"Roof bolter, Rock bolter, Pinner, Mobile roof support operator (MRS)"
2401490,-1,Unknown,Unknown
2401490,34,Male,"Miner, NEC"
2401490,32,Male,"Laborer, Bull gang, Parts runner, Roustabout, Roof trimmer/scaler"
2401490,63,Male,"Maintenance man, Mechanic, Repair/Serviceman, Boilermaker, Fueler, Tire tech, Field service tech"
2401490,66,Male,"Maintenance man, Mechanic, Repair/Serviceman, Boilermaker, Fueler, Tire tech, Field service tech"
2401490,43,Male,"Bulldozer operator, Universal operator, Heavy equipment operator, Operating engineer"
2401490,37,Male,"Miner, NEC"
2401490,39,Male,"Miner, NEC"
2401490,38,Male,"Miner, NEC"
2401490,60,Male,"Miner, NEC"
2401879,49,Male,"Miner, NEC"
2401879,39,Male,"Bulldozer operator, Universal operator, Heavy equipment operator, Operating engineer"
2401879,56,Male,"Stopping builder, Ventilation man, Mason man, Overcast"
2401879,51,Male,"Bulldozer operator, Universal operator, Heavy equipment operator, Operating engineer"
2401879,43,Male,"Steel worker, Iron metal worker, Iron worker"
2401879,39,Male,"Shuttle car operator, Mantrip operator, Ramcar operator, Rail runner, Buggy operator"
2401879,-1,Unknown,Unknown
2401879,39,Male,"Miner, NEC"
2401879,36,Male,"Miner, NEC"
2401879,39,Male,"Miner, NEC"
2401879,28,Male,"Apprentice, Trainee"
2401879,34,Male,"Miner, NEC"
2401879,38,Male,"Miner, NEC"
2401879,31,Male,"Miner, NEC"
2401879,51,Male,"Miner, NEC"
2401879,58,Male,"Miner, NEC"
2401879,63,Male,"Miner, NEC"
2401879,58,Male,"Maintenance man, Mechanic, Repair/Serviceman, Boilermaker, Fueler, Tire tech, Field service tech"
2401879,27,Male,"Miner, NEC"
2401879,-1,Unknown,Unknown
2401879,45,Male,"Miner, NEC"
2401879,32,Male,"Miner, NEC"
2401879,28,Male,"Laborer, Bull gang, Parts runner, Roustabout, Roof trimmer/scaler"
2401879,45,Male,"Miner, NEC"
2401879,41,Male,"Miner, NEC"
2401879,47,Male,"Miner, NEC"
2401879,43,Male,"Maintenance man, Mechanic, Repair/Serviceman, Boilermaker, Fueler, Tire tech, Field service tech"
2401879,26,Male,"Warehouseman, Bagger, Palletizer/Stacker, Storekeeper, Packager, Fabricator, Cleaning plant operator"
3605018,44,Male,"Beltman, Conveyor man and belt worker, Mobile bridge carrierman, Feeder operator, Conveyor rider"
3605018,32,Male,"Roof bolter, Rock bolter, Pinner, Mobile roof support operator (MRS)"
3605018,32,Male,"Maintenance man, Mechanic, Repair/Serviceman, Boilermaker, Fueler, Tire tech, Field service tech"
3605018,48,Male,"Roof bolter, Rock bolter, Pinner, Mobile roof support operator (MRS)"
3605018,53,Male,"Maintenance man, Mechanic, Repair/Serviceman, Boilermaker, Fueler, Tire tech, Field service tech"
3605018,59,Male,"Warehouseman, Bagger, Palletizer/Stacker, Storekeeper, Packager, Fabricator, Cleaning plant operator"
3605018,29,Male,"Utility man, Errand boy, Service truck operator"
3605018,37,Male,"Roof bolter, Rock bolter, Pinner, Mobile roof support operator (MRS)"
3605018,43,Male,"Examiner, Fire boss, Pre-shift examiner, Mine examiner"
3605018,34,Male,"Roof bolter, Rock bolter, Pinner, Mobile roof support operator (MRS)"
3605018,40,Male,"Section foreman, Bullgang foreman, Labor foreman, Leadman, Shift boss"
3605018,40,Male,"Belt cleaner, Picker"
3605018,-1,Unknown,Unknown
3605018,-1,Unknown,Unknown
3605018,49,Male,"Utility man, Errand boy, Service truck operator"
3605018,47,Male,"Belt cleaner, Picker"
3605018,54,Male,"Trackman, Track worker, Track gang"
3605018,-1,Unknown,Unknown
3605018,44,Male,"Section foreman, Bullgang foreman, Labor foreman, Leadman, Shift boss"
3605018,-1,Unknown,Unknown
3605018,40,Male,"Gathering arm loader operator, Loading machine operator, Joy loader operator"
3605018,-1,Unknown,Unknown
3605018,46,Male,"Beltman, Conveyor man and belt worker, Mobile bridge carrierman, Feeder operator, Conveyor rider"
3605018,-1,Unknown,Unknown
3605018,62,Male,"Rodman, Surveyor/Transit helper"
3605018,43,Male,"Laborer, Bull gang, Parts runner, Roustabout, Roof trimmer/scaler"
3605018,56,Male,"Electrician, Lineman"
3605018,-1,Unknown,Unknown
3605018,35,Male,"Miner, NEC"
3605018,42,Male,"Laborer, Bull gang, Faceman, Parts runner, Roustabout, Roof trimmer/scaler"
3605018,44,Male,"Laborer, Bull gang, Parts runner, Roustabout, Roof trimmer/scaler"
3605018,54,Male,Loading machine/Gather arm loader helper
3605018,31,Male,"Laborer, Bull gang, Faceman, Parts runner, Roustabout, Roof trimmer/scaler"
3605018,53,Male,"Laborer, Bull gang, Parts runner, Roustabout, Roof trimmer/scaler"
3605018,27,Male,"Laborer, Bull gang, Faceman, Parts runner, Roustabout, Roof trimmer/scaler"
3605018,-1,Unknown,Unknown
3605018,30,Male,"Longwall operator, Chock operator, Shear operator, Plow operator"
3605018,39,Male,"Continuous miner operator, Coal mole operator"
3605018,53,Male,"Roof bolter, Rock bolter, Pinner, Mobile roof support operator (MRS)"
3605018,42,Male,Drill operator
3605018,-1,Unknown,Unknown
3605018,-1,Unknown,Unknown
3605018,30,Male,Loading machine/Gather arm loader helper
3605018,49,Male,"Section foreman, Bullgang foreman, Labor foreman, Leadman, Shift boss"
3605018,49,Male,"Utility man, Shift tech, Service/Dump truck operator"
3605018,-1,Unknown,Unknown
3605018,61,Male,"Car trimmer, Car loader, Bin puller, Truck loader"
3605018,38,Male,Headgate operator
3607230,21,Male,"Laborer, Bull gang, Parts runner, Roustabout, Roof trimmer/scaler"
3607230,26,Male,"Beltman, Conveyor man and belt worker, Mobile bridge carrierman, Feeder operator, Conveyor rider"
3607230,20,Male,"Laborer, Bull gang, Parts runner, Roustabout, Roof trimmer/scaler"
3607230,-1,Unknown,Unknown
3607230,43,Male,"Maintenance man, Mechanic, Repair/Serviceman, Boilermaker, Fueler, Tire tech, Field service tech"
3607230,39,Male,"Bull gang foreman, Labor foreman, Leadman, Section foreman, Shift boss"
3607230,38,Male,"Roof bolter, Rock bolter, Pinner, Mobile roof support operator (MRS)"
3607230,37,Male,"Motorman, Motor person, Swamper, Switchman, Locomotive operator"
3607230,44,Male,"Maintenance man, Mechanic, Repair/Serviceman, Boilermaker, Fueler, Tire tech, Field service tech"
3607230,31,Male,"Roof bolter, Rock bolter, Pinner, Mobile roof support operator (MRS)"
3607230,44,Male,"Continuous miner operator, Coal mole operator"
3607230,23,Male,"Maintenance man, Mechanic, Repair/Serviceman, Boilermaker, Fueler, Tire tech, Field service tech"
3607230,47,Male,"Prep plant foreman, Supervisor, Mill plant supervisor, Kiln supervisor"
3607230,-1,Unknown,Unknown
3607230,45,Male,"Bulldozer operator, Universal operator, Heavy equipment operator, Operating engineer"
3607230,-1,Unknown,Unknown
3607230,46,Female,"Motorman, Motor person, Swamper, Switchman, Locomotive operator"
3607230,48,Male,"Bulldozer operator, Universal operator, Heavy equipment operator, Operating engineer"
3607230,66,Male,"Roof bolter, Rock bolter, Pinner, Mobile roof support operator (MRS)"
3607230,34,Male,"Prep plant foreman, Supervisor, Mill plant supervisor, Kiln supervisor"
3607230,-1,Unknown,Unknown
3607230,23,Male,"Laborer, Bull gang, Parts runner, Roustabout, Roof trimmer/scaler"
3607230,-1,Unknown,Unknown
3607230,-1,Unknown,Unknown
3607230,27,Male,"Continuous miner operator, Coal mole operator"
3607230,-1,Unknown,Unknown
3607230,29,Male,"Laborer, Blacksmith, Bull gang, Parts runner, Roustabout, Pick-up man, Pitman"
3607230,34,Male,"Laborer, Bull gang, Parts runner, Roustabout, Roof trimmer/scaler"
3607230,46,Male,"Mine manager, Mine foreman, Mine owner"
3607230,37,Male,"Laborer, Bull gang, Parts runner, Roustabout, Roof trimmer/scaler"
3607230,42,Male,"Beltman, Conveyor man and belt worker, Mobile bridge carrierman, Feeder operator, Conveyor rider"
3607230,-1,Unknown,Unknown
3607230,-1,Unknown,Unknown
3607230,29,Male,"Maintenance man, Mechanic, Repair/Serviceman, Boilermaker, Fueler, Tire tech, Field service tech"
3607230,42,Male,"Beltman, Conveyor man and belt worker, Mobile bridge carrierman, Feeder operator, Conveyor rider"
3607230,41,Male,"Beltman, Conveyor man and belt worker, Mobile bridge carrierman, Feeder operator, Conveyor rider"
3607230,23,Male,"Beltman, Conveyor man and belt worker, Mobile bridge carrierman, Feeder operator, Conveyor rider"
3607230,66,Male,"Bulldozer operator, Universal operator, Heavy equipment operator, Operating engineer"
3607230,-1,Unknown,Unknown
3607230,33,Female,"Security guard, Watchman"
4601318,30,Male,"Laborer, Bull gang, Parts runner, Roustabout, Roof trimmer/scaler"
4601318,67,Male,"Master mechanic, Foreman, Supervisor"
4601318,43,Male,"Roof bolter, Rock bolter, Pinner, Mobile roof support operator (MRS)"
4601318,22,Male,"Roof bolter, Rock bolter, Pinner, Mobile roof support operator (MRS)"
4601318,26,Male,"Motorman, Motor person, Swamper, Switchman, Locomotive operator"
4601318,43,Male,"Laborer, Bull gang, Parts runner, Roustabout, Roof trimmer/scaler"
4601318,30,Male,"Roof bolter, Rock bolter, Pinner, Mobile roof support operator (MRS)"
4601318,36,Male,"Laborer, Bull gang, Parts runner, Roustabout, Roof trimmer/scaler"
4601318,44,Male,"Laborer, Blacksmith, Bull gang, Parts runner, Roustabout, Pick-up man, Pitman"
4601318,35,Male,"Laborer, Bull gang, Parts runner, Roustabout, Roof trimmer/scaler"
4601318,39,Male,"Shuttle car operator, Mantrip operator, Ramcar operator, Rail runner, Buggy operator"
4601318,43,Male,"Trackman, Track worker, Track gang"
4601318,31,Male,"Belt foreman, Maintenance foreman, Maintenance supervisor"
4601318,38,Male,"Laborer, Blacksmith, Bull gang, Parts runner, Roustabout, Pick-up man, Pitman"
4601318,-1,Unknown,Unknown
4601318,43,Male,"Crane operator, Mobile equipment operator (MEO), Dragline operator, Dropball operator, Rigger"
4601318,56,Male,"Laborer, Bull gang, Parts runner, Roustabout, Roof trimmer/scaler"
4601318,54,Male,"Maintenance man, Mechanic, Repair/Serviceman, Boilermaker, Fueler, Tire tech, Field service tech"
4601318,27,Male,"Longwall operator, Chock operator, Shear operator, Plow operator"
4601318,31,Male,"Laborer, Bull gang, Parts runner, Roustabout, Roof trimmer/scaler"
4601318,-1,Unknown,Unknown
4601318,45,Male,"Shuttle car operator, Mantrip operator, Ramcar operator, Rail runner, Buggy operator"
4601318,28,Male,"Maintenance man, Mechanic, Repair/Serviceman, Boilermaker, Fueler, Tire tech, Field service tech"
4601318,45,Male,"Beltman, Conveyor man and belt worker, Mobile bridge carrierman, Feeder operator, Conveyor rider"
4601318,31,Male,"Laborer, Bull gang, Parts runner, Roustabout, Roof trimmer/scaler"
4601318,51,Male,"Master mechanic, Foreman, Supervisor"
4601318,53,Male,Headgate operator
4601318,28,Male,"Utility man, Errand boy, Service truck operator"
4601318,24,Male,"Beltman, Conveyor man and belt worker, Mobile bridge carrierman, Feeder operator, Conveyor rider"
4601318,55,Male,"Motorman, Motor person, Swamper, Switchman, Locomotive operator"
4601433,64,Male,"Electrician, Lineman"
4601433,42,Male,"Laborer, Bull gang, Parts runner, Roustabout, Roof trimmer/scaler"
4601433,42,Male,"Roof bolter, Rock bolter, Pinner, Mobile roof support operator (MRS)"
4601433,-1,Unknown,Unknown
4601433,-1,Unknown,Unknown
4601433,48,Female,"Laborer, Bull gang, Parts runner, Roustabout, Roof trimmer/scaler"
4601433,-1,Unknown,Unknown
4601433,51,Male,"Laborer, Bull gang, Parts runner, Roustabout, Roof trimmer/scaler"
4601433,43,Male,"Laborer, Blacksmith, Bull gang, Parts runner, Roustabout, Pick-up man, Pitman"
4601433,28,Male,"Laborer, Bull gang, Parts runner, Roustabout, Roof trimmer/scaler"
4601433,39,Male,"Belt foreman, Maintenance foreman, Maintenance supervisor"
4601433,52,Male,"Laborer, Bull gang, Faceman, Parts runner, Roustabout, Roof trimmer/scaler"
4601433,38,Male,"Laborer, Bull gang, Faceman, Parts runner, Roustabout, Roof trimmer/scaler"
4601433,47,Male,"Laborer, Bull gang, Parts runner, Roustabout, Roof trimmer/scaler"
4601433,62,Male,"Laborer, Bull gang, Parts runner, Roustabout, Roof trimmer/scaler"
4601433,50,Male,"Beltman, Conveyor man and belt worker, Mobile bridge carrierman, Feeder operator, Conveyor rider"
4601433,55,Male,"Motorman, Motor person, Swamper, Switchman, Locomotive operator"
4601433,59,Male,"Roof bolter, Rock bolter, Pinner, Mobile roof support operator (MRS)"
4601433,45,Male,"LW Propman, Propman helper, Move crew if LW, Move-up man, Jacksetter, Advanceman LW helper"
4601433,60,Male,"Maintenance man, Mechanic, Repair/Serviceman, Boilermaker, Fueler, Tire tech, Field service tech"
4601433,65,Male,"Crusher attendant/operator, Pan feeder operator/worker"
4601433,46,Male,Drill operator
4601433,25,Male,"Roof bolter, Rock bolter, Pinner, Mobile roof support operator (MRS)"
4601433,36,Male,"Laborer, Bull gang, Parts runner, Roustabout, Roof trimmer/scaler"
4601433,-1,Unknown,Unknown
4601433,27,Male,"Laborer, Bull gang, Parts runner, Roustabout, Roof trimmer/scaler"
4601433,-1,Unknown,Unknown
4601433,35,Male,"Roof bolter, Rock bolter, Pinner, Mobile roof support operator (MRS)"
4601433,22,Male,"Utility man, Errand boy, Service truck operator"
4601433,40,Male,"Maintenance man, Mechanic, Repair/Serviceman, Boilermaker, Fueler, Tire tech, Field service tech"
4601433,61,Male,"Examiner, Fire boss, Pre-shift examiner, Mine examiner"
4601433,-1,Unknown,Unknown
4601433,49,Female,"Laborer, Bull gang, Parts runner, Roustabout, Roof trimmer/scaler"
4601433,64,Male,"Maintenance man, Mechanic, Repair/Serviceman, Boilermaker, Fueler, Tire tech, Field service tech"
4601433,29,Male,"Laborer, Bull gang, Parts runner, Roustabout, Roof trimmer/scaler"
4601433,-1,Unknown,Unknown
4601433,62,Male,"Longwall operator, Chock operator, Shear operator, Plow operator"
4601433,-1,Unknown,Unknown
4601433,50,Male,Rock duster
4601433,59,Male,"Laborer, Bull gang, Parts runner, Roustabout, Roof trimmer/scaler"
4601433,53,Male,"Laborer, Bull gang, Parts runner, Roustabout, Roof trimmer/scaler"
4601433,53,Male,"Laborer, Bull gang, Parts runner, Roustabout, Roof trimmer/scaler"
4601433,-1,Unknown,Unknown
4601433,27,Male,"Roof bolter, Rock bolter, Pinner, Mobile roof support operator (MRS)"
4601433,52,Male,Safety director
4601433,27,Male,"Utility man, Errand boy, Service truck operator"
4601433,58,Male,"Maintenance man, Mechanic, Repair/Serviceman, Boilermaker, Fueler, Tire tech, Field service tech"
4601433,30,Male,"Roof bolter, Rock bolter, Pinner, Mobile roof support operator (MRS)"
4601433,46,Male,"Laborer, Bull gang, Faceman, Parts runner, Roustabout, Roof trimmer/scaler"
4601433,48,Male,"Beltman, Conveyor man and belt worker, Mobile bridge carrierman, Feeder operator, Conveyor rider"
4601433,49,Male,"Laborer, Bull gang, Parts runner, Roustabout, Roof trimmer/scaler"
4601433,31,Male,"Roof bolter, Rock bolter, Pinner, Mobile roof support operator (MRS)"
4601433,56,Male,"Examiner, Fire boss, Pre-shift examiner, Mine examiner"
4601433,-1,Unknown,Unknown
4601433,31,Male,"Laborer, Blacksmith, Bull gang, Parts runner, Roustabout, Pick-up man, Pitman"
4601433,52,Male,"Laborer, Bull gang, Parts runner, Roustabout, Roof trimmer/scaler"
4601433,59,Male,"Longwall operator, Chock operator, Shear operator, Plow operator"
4601433,-1,Unknown,Unknown
4601433,48,Male,"Laborer, Bull gang, Parts runner, Roustabout, Roof trimmer/scaler"
4601433,29,Male,"Roof bolter, Rock bolter, Pinner, Mobile roof support operator (MRS)"
4601433,27,Male,"Trackman, Track worker, Track gang"
4601433,-1,Unknown,Unknown
4601433,20,Male,"Roof bolter, Rock bolter, Pinner, Mobile roof support operator (MRS)"
4601433,28,Male,"Laborer, Bull gang, Parts runner, Roustabout, Roof trimmer/scaler"
4601433,65,Male,"Motorman, Motor person, Swamper, Switchman, Locomotive operator"
4601433,58,Male,"Motorman, Motor person, Swamper, Switchman, Locomotive operator"
4601436,29,Male,"Laborer, Bull gang, Parts runner, Roustabout, Roof trimmer/scaler"
4601436,21,Male,Headgate operator
4601436,45,Male,"LW Propman, Propman helper, Move crew if LW, Move-up man, Jacksetter, Advanceman LW helper"
4601436,30,Male,Rock duster
4601436,55,Male,"Scoop car/Scooptram operator, Load/Haul/Dump (LHD) operator, Teletram operator"
4601436,34,Male,"Belt foreman, Maintenance foreman, Maintenance supervisor"
4601436,49,Male,"Longwall operator, Chock operator, Shear operator, Plow operator"
4601436,21,Male,"Laborer, Bull gang, Parts runner, Roustabout, Roof trimmer/scaler"
4601436,49,Male,"Bull gang foreman, Labor foreman, Leadman, Section foreman, Shift boss"
4601436,66,Male,"Maintenance man, Mechanic, Repair/Serviceman, Boilermaker, Fueler, Tire tech, Field service tech"
4601436,31,Male,"Roof bolter, Rock bolter, Pinner, Mobile roof support operator (MRS)"
4601436,64,Male,"Belt foreman, Maintenance foreman, Maintenance supervisor"
4601436,60,Male,"Utility man, Shift tech, Service/Dump truck operator"
4601436,30,Male,"Bull gang foreman, Labor foreman, Leadman, Section foreman, Shift boss"
4601436,40,Male,"Maintenance man, Mechanic, Repair/Serviceman, Boilermaker, Fueler, Tire tech, Field service tech"
4601436,40,Male,"Longwall operator, Chock operator, Shear operator, Plow operator"
4601436,52,Male,"Laborer, Bull gang, Parts runner, Roustabout, Roof trimmer/scaler"
4601436,34,Male,"Maintenance man, Mechanic, Repair/Serviceman, Boilermaker, Fueler, Tire tech, Field service tech"
4601436,63,Male,"Laborer, Bull gang, Parts runner, Roustabout, Roof trimmer/scaler"
4601436,63,Male,"Laborer, Bull gang, Parts runner, Roustabout, Roof trimmer/scaler"
4601436,58,Male,"Examiner, Fire boss, Pre-shift examiner, Mine examiner"
4601436,29,Male,"Roof bolter, Rock bolter, Pinner, Mobile roof support operator (MRS)"
4601436,-1,Unknown,Unknown
4601436,-1,Unknown,Unknown
4601436,-1,Unknown,Unknown
4601436,28,Male,Brattice man/worker
4601436,51,Male,"Electrician, Lineman"
4601436,29,Male,"Shuttle car operator, Mantrip operator, Ramcar operator, Rail runner, Buggy operator"
4601436,35,Male,"Bull gang foreman, Labor foreman, Leadman, Section foreman, Shift boss"
4601436,-1,Unknown,Unknown
4601436,30,Male,"Maintenance man, Mechanic, Repair/Serviceman, Boilermaker, Fueler, Tire tech, Field service tech"
4601436,63,Male,"Laborer, Bull gang, Parts runner, Roustabout, Roof trimmer/scaler"
4601436,31,Male,"Maintenance man, Mechanic, Repair/Serviceman, Boilermaker, Fueler, Tire tech, Field service tech"
4601436,44,Male,"Shuttle car operator, Mantrip operator, Ramcar operator, Rail runner, Buggy operator"
4601436,43,Male,"Scoop tram operator, Load/Haul/Dump operator"
4601436,29,Male,"Laborer, Bull gang, Parts runner, Roustabout, Roof trimmer/scaler"
4601436,41,Male,"Longwall operator, Chock operator, Shear operator, Plow operator"
4601436,41,Male,"Beltman, Conveyor man and belt worker, Mobile bridge carrierman, Feeder operator, Conveyor rider"
4601436,27,Male,"Maintenance man, Mechanic, Repair/Serviceman, Boilermaker, Fueler, Tire tech, Field service tech"
4601436,43,Male,"Roof bolter, Rock bolter, Pinner, Mobile roof support operator (MRS)"
4601436,64,Male,Rock duster
4601436,26,Male,"Beltman, Conveyor man and belt worker, Mobile bridge carrierman, Feeder operator, Conveyor rider"
4601436,47,Male,"Bull gang foreman, Labor foreman, Leadman, Section foreman, Shift boss"
4601436,40,Male,Timberman
4601436,51,Female,"Maintenance man, Mechanic, Repair/Serviceman, Boilermaker, Fueler, Tire tech, Field service tech"
4601436,35,Male,"Longwall operator, Chock operator, Shear operator, Plow operator"
4601436,-1,Unknown,Unknown
4601436,53,Male,"Beltman, Conveyor man and belt worker, Mobile bridge carrierman, Feeder operator, Conveyor rider"
4601437,39,Male,"Motorman, Motor person, Swamper, Switchman, Locomotive operator"
4601437,40,Male,"Laborer, Bull gang, Parts runner, Roustabout, Roof trimmer/scaler"
4601437,23,Male,"Laborer, Bull gang, Parts runner, Roustabout, Roof trimmer/scaler"
4601437,28,Male,"Miner, NEC"
4601437,53,Male,"Maintenance man, Mechanic, Repair/Serviceman, Boilermaker, Fueler, Tire tech, Field service tech"
4601437,56,Male,"Trackman, Track worker, Track gang"
4601437,35,Male,Rock duster
4601437,38,Male,"Roof bolter, Rock bolter, Pinner, Mobile roof support operator (MRS)"
4601437,57,Male,"Laborer, Bull gang, Faceman, Parts runner, Roustabout, Roof trimmer/scaler"
4601437,36,Male,"Maintenance man, Mechanic, Repair/Serviceman, Boilermaker, Fueler, Tire tech, Field service tech"
4601437,32,Male,"Maintenance man, Mechanic, Repair/Serviceman, Boilermaker, Fueler, Tire tech, Field service tech"
4601437,22,Female,"Laborer, Bull gang, Parts runner, Roustabout, Roof trimmer/scaler"
4601437,54,Male,"Laborer, Bull gang, Parts runner, Roustabout, Roof trimmer/scaler"
4601437,30,Male,"LW Propman, Propman helper, Move crew if LW, Move-up man, Jacksetter, Advanceman LW helper"
4601437,20,Male,"Laborer, Bull gang, Parts runner, Roustabout, Roof trimmer/scaler"
4601437,60,Male,"Shuttle car operator, Mantrip operator, Ramcar operator, Rail runner, Buggy operator"
4601437,22,Male,"Laborer, Bull gang, Parts runner, Roustabout, Roof trimmer/scaler"
4601437,29,Male,"Roof bolter, Rock bolter, Pinner, Mobile roof support operator (MRS)"
4601437,51,Male,"Laborer, Bull gang, Parts runner, Roustabout, Roof trimmer/scaler"
4601437,-1,Unknown,Unknown
4601437,50,Male,"Belt foreman, Maintenance foreman, Maintenance supervisor"
4601437,45,Male,Headgate operator
4601437,50,Male,"Laborer, Bull gang, Parts runner, Roustabout, Roof trimmer/scaler"
4601437,26,Male,"Trackman, Track worker, Track gang"
4601437,37,Male,"Roof bolter, Rock bolter, Pinner, Mobile roof support operator (MRS)"
4601437,49,Male,"Laborer, Bull gang, Parts runner, Roustabout, Roof trimmer/scaler"
4601437,30,Male,"Shuttle car operator, Mantrip operator, Ramcar operator, Rail runner, Buggy operator"
4601437,32,Male,"Motorman, Motor person, Swamper, Switchman, Locomotive operator"
4601437,37,Male,"Laborer, Bull gang, Parts runner, Roustabout, Roof trimmer/scaler"
4601437,38,Male,"Bull gang foreman, Labor foreman, Leadman, Section foreman, Shift boss"
4601437,28,Male,"Laborer, Bull gang, Parts runner, Roustabout, Roof trimmer/scaler"
4601437,52,Male,"Bull gang foreman, Labor foreman, Leadman, Section foreman, Shift boss"
4601437,34,Male,"Laborer, Bull gang, Faceman, Parts runner, Roustabout, Roof trimmer/scaler"
4601437,29,Male,"Laborer, Bull gang, Faceman, Parts runner, Roustabout, Roof trimmer/scaler"
4601437,23,Male,"Roof bolter, Rock bolter, Pinner, Mobile roof support operator (MRS)"
4601437,38,Male,"Laborer, Bull gang, Faceman, Parts runner, Roustabout, Roof trimmer/scaler"
4601437,52,Female,"Laborer, Bull gang, Parts runner, Roustabout, Roof trimmer/scaler"
4601437,53,Male,"Beltman, Conveyor man and belt worker, Mobile bridge carrierman, Feeder operator, Conveyor rider"
4601437,-1,Unknown,Unknown
4601437,-1,Unknown,Unknown
4601437,47,Male,"Master mechanic, Foreman, Supervisor"
4601437,22,Male,"Laborer, Bull gang, Parts runner, Roustabout, Roof trimmer/scaler"
4601437,31,Male,"Longwall operator, Chock operator, Shear operator, Plow operator"
4601437,40,Female,"Laborer, Bull gang, Parts runner, Roustabout, Roof trimmer/scaler"
4601437,54,Male,"Utility man, Errand boy, Service truck operator"
4601437,58,Male,"Maintenance man, Mechanic, Repair/Serviceman, Boilermaker, Fueler, Tire tech, Field service tech"
4601437,-1,Unknown,Unknown
4601437,28,Male,"Roof bolter, Rock bolter, Pinner, Mobile roof support operator (MRS)"
4601437,61,Male,"Assayer, Geologist, Metallurgist, Engineer, Engineer management"
4601437,43,Male,"Trackman, Track worker, Track gang"
4601437,35,Male,"Maintenance man, Mechanic, Repair/Serviceman, Boilermaker, Fueler, Tire tech, Field service tech"
4601437,-1,Unknown,Unknown
4601437,-1,Unknown,Unknown
4601437,26,Male,"Continuous miner operator, Coal mole operator"
4601437,29,Male,"Continuous miner operator, Coal mole operator"
4601437,-1,Unknown,Unknown
4601437,47,Male,"Longwall operator, Chock operator, Shear operator, Plow operator"
4601437,49,Male,"Laborer, Bull gang, Faceman, Parts runner, Roustabout, Roof trimmer/scaler"
4601437,35,Male,"LW Propman, Propman helper, Move crew if LW, Move-up man, Jacksetter, Advanceman LW helper"
4601437,28,Male,"Roof bolter, Rock bolter, Pinner, Mobile roof support operator (MRS)"
4601437,34,Male,"Miner, NEC"
4601437,42,Male,"Motorman, Motor person, Swamper, Switchman, Locomotive operator"
4601437,-1,Unknown,Unknown
4601437,31,Male,"Mine manager, Mine foreman, Mine owner"
4601437,50,Male,"Maintenance man, Mechanic, Repair/Serviceman, Boilermaker, Fueler, Tire tech, Field service tech"
4601437,46,Male,"Beltman, Conveyor man and belt worker, Mobile bridge carrierman, Feeder operator, Conveyor rider"
4601437,32,Male,"Laborer, Bull gang, Parts runner, Roustabout, Roof trimmer/scaler"
4601437,34,Male,"Laborer, Bull gang, Faceman, Parts runner, Roustabout, Roof trimmer/scaler"
4601437,38,Male,"Utility man, Errand boy, Service truck operator"
4601437,28,Male,"Maintenance man, Mechanic, Repair/Serviceman, Boilermaker, Fueler, Tire tech, Field service tech"
4601437,56,Male,"Laborer, Bull gang, Parts runner, Roustabout, Roof trimmer/scaler"
4601437,48,Male,"Laborer, Bull gang, Parts runner, Roustabout, Roof trimmer/scaler"
4601437,25,Male,"Beltman, Conveyor man and belt worker, Mobile bridge carrierman, Feeder operator, Conveyor rider"
4601437,40,Male,"Supply man, Supply worker, Nipper"
4601437,30,Male,"Belt foreman, Maintenance foreman, Maintenance supervisor"
4601437,29,Male,"Laborer, Bull gang, Parts runner, Roustabout, Roof trimmer/scaler"
4601437,31,Male,"Laborer, Bull gang, Faceman, Parts runner, Roustabout, Roof trimmer/scaler"
4601437,18,Male,"Laborer, Bull gang, Parts runner, Roustabout, Roof trimmer/scaler"
4601437,19,Male,"Laborer, Bull gang, Faceman, Parts runner, Roustabout, Roof trimmer/scaler"
4601437,-1,Unknown,Unknown
4601437,44,Female,"Laborer, Bull gang, Parts runner, Roustabout, Roof trimmer/scaler"
4601437,51,Male,"Laborer, Bull gang, Parts runner, Roustabout, Roof trimmer/scaler"
4601437,35,Male,"Laborer, Bull gang, Faceman, Parts runner, Roustabout, Roof trimmer/scaler"
4601437,38,Male,"LW Propman, Propman helper, Move crew if LW, Move-up man, Jacksetter, Advanceman LW helper"
4601437,25,Male,"Roof bolter, Rock bolter, Pinner, Mobile roof support operator (MRS)"
4601437,50,Male,"Beltman, Conveyor man and belt worker, Mobile bridge carrierman, Feeder operator, Conveyor rider"
4601437,42,Male,"Belt foreman, Maintenance foreman, Maintenance supervisor"
4601437,26,Male,"Roof bolter, Rock bolter, Pinner, Mobile roof support operator (MRS)"
4601437,42,Male,"Beltman, Conveyor man and belt worker, Mobile bridge carrierman, Feeder operator, Conveyor rider"
4601437,27,Male,"Laborer, Bull gang, Parts runner, Roustabout, Roof trimmer/scaler"
4601437,27,Male,"Longwall operator, Chock operator, Shear operator, Plow operator"
4601968,-1,Unknown,Unknown
4601968,-1,Unknown,Unknown
4601968,31,Male,"Beltman, Conveyor man and belt worker, Mobile bridge carrierman, Feeder operator, Conveyor rider"
4601968,53,Male,"LW Propman, Propman helper, Move crew if LW, Move-up man, Jacksetter, Advanceman LW helper"
4601968,33,Male,"Utility man, Errand boy, Service truck operator"
4601968,30,Male,"Laborer, Bull gang, Parts runner, Roustabout, Roof trimmer/scaler"
4601968,26,Male,"Laborer, Bull gang, Faceman, Parts runner, Roustabout, Roof trimmer/scaler"
4601968,32,Male,"Roof bolter, Rock bolter, Pinner, Mobile roof support operator (MRS)"
4601968,28,Male,"Laborer, Bull gang, Parts runner, Roustabout, Roof trimmer/scaler"
4601968,44,Male,"Laborer, Bull gang, Parts runner, Roustabout, Roof trimmer/scaler"
4601968,50,Male,"Belt cleaner, Picker"
4601968,28,Male,"Beltman, Conveyor man and belt worker, Mobile bridge carrierman, Feeder operator, Conveyor rider"
4601968,34,Male,"Longwall operator, Chock operator, Shear operator, Plow operator"
4601968,29,Male,"Longwall operator, Chock operator, Shear operator, Plow operator"
4601968,-1,Unknown,Unknown
4601968,39,Male,"Maintenance man, Mechanic, Repair/Serviceman, Boilermaker, Fueler, Tire tech, Field service tech"
4601968,36,Male,"Shuttle car operator, Mantrip operator, Ramcar operator, Rail runner, Buggy operator"
4601968,64,Male,"Laborer, Bull gang, Faceman, Parts runner, Roustabout, Roof trimmer/scaler"
4601968,32,Male,"Belt foreman, Maintenance foreman, Maintenance supervisor"
4601968,39,Male,"Laborer, Blacksmith, Bull gang, Parts runner, Roustabout, Pick-up man, Pitman"
4601968,-1,Unknown,Unknown
4601968,-1,Unknown,Unknown
4601968,-1,Unknown,Unknown
4601968,-1,Unknown,Unknown
4601968,49,Male,"Bull gang foreman, Labor foreman, Leadman, Section foreman, Shift boss"
4601968,-1,Unknown,Unknown
4601968,26,Male,"Belt cleaner, Picker"
4601968,-1,Unknown,Unknown
4601968,26,Male,Pumper
4601968,30,Male,"Maintenance man, Mechanic, Repair/Serviceman, Boilermaker, Fueler, Tire tech, Field service tech"
4601968,61,Male,"Utility man, Shift tech, Service/Dump truck operator"
4601968,-1,Unknown,Unknown
4601968,37,Male,"Bull gang foreman, Labor foreman, Leadman, Section foreman, Shift boss"
4601968,22,Male,"Belt cleaner, Picker"
4601968,40,Male,"Beltman, Conveyor man and belt worker, Mobile bridge carrierman, Feeder operator, Conveyor rider"
4601968,31,Male,"Motorman, Motor person, Swamper, Switchman, Locomotive operator"
4601968,37,Male,"Bull gang foreman, Labor foreman, Leadman, Section foreman, Shift boss"
4601968,-1,Unknown,Unknown
4601968,-1,Unknown,Unknown
4601968,-1,Unknown,Unknown
4601968,22,Male,"Laborer, Blacksmith, Bull gang, Parts runner, Roustabout, Pick-up man, Pitman"
4601968,37,Male,"Motorman, Motor person, Swamper, Switchman, Locomotive operator"
